-- The `program` table stores all types of assistance programs offered by the system
INSERT INTO `program` (`ProgramID`, `ProgramName`, `ProgramCategory`, `Description`) VALUES
(1, 'Financial Resilience Grant', 'Cash Aid', 'Direct cash assistance grant to cover emergency household needs and prevent debt.'),
(2, 'Youth Education Stipend', 'Cash Aid', 'Targeted cash assistance for families to cover educational expenses for school-aged children.'),
(3, 'Basic Vocational Skills Training', 'Livelihood', 'A three-month course offering training in essential trades like basic repair and coding.'),
(4, 'Small Business Seed Funding', 'Livelihood', 'Micro-loan or grant for starting a small home-based business, focusing on sustainability.'),
(5, 'Artisan Craft Development Workshop', 'Livelihood', 'Specialized training and market access for traditional and modern craft makers.'),
(6, 'Monthly Family Food Basket', 'Food', 'The regular distribution of a comprehensive food kit designed to meet a family’s nutritional needs for one month.'),
(7, 'School Meal Sponsorship Program', 'Food', 'Daily subsidized or free meals provided to eligible students at public schools.'),
(8, 'Senior Citizen Nutritional Supplement', 'Food', 'Targeted monthly supplement delivery for elderly beneficiaries.'),
(9, 'Primary Care & Wellness Fund', 'Health', 'Subsidized fund providing basic medical check-ups and essential over-the-counter medications.'),
(10, 'Maternal and Child Health Support', 'Health', 'Specialized health coverage focusing on prenatal care and early childhood vaccinations.');

-- The `beneficiary` table stores all registered individuals
INSERT INTO `beneficiary` (`BeneficiaryID`, `ID_Number`, `FullName`, `DateOfBirth`, `HouseholdSize`, `AnnualIncome`, `City`, `TotalAidReceived`, `RegistrationDate`) VALUES
(1, 'ID1001', 'Bourke McCrudden', '1985-07-10', 4, 15500.00, 'Beppu', 2200.00, '2024-10-28 19:01:55'),
(2, 'ID1002', 'Ashlie Steers', '1992-03-25', 2, 8900.50, 'Sabirabad', 745.00, '2025-05-28 07:10:21'),
(3, 'ID1003', 'Doug Cattlow', '1976-11-01', 5, 22000.75, 'Kiuruvesi', 755.00, '2025-04-05 12:59:29'),
(4, 'ID1004', 'Gerrard Teresi', '1965-05-18', 3, 11000.00, 'Pangkungparuk', 1620.00, '2023-05-02 14:17:16'),
(5, 'ID1005', 'Reta Lillistone', '2000-01-22', 6, 28500.20, 'Istres', 2200.00, '2023-12-08 10:32:52'),
(6, 'ID1006', 'Cross Van Hault', '1958-12-05', 1, 9500.00, 'Āstārā', 745.00, '2025-10-13 23:49:10'),
(7, 'ID1007', 'Lynnea Gaffey', '1988-09-12', 4, 17200.50, 'Masvingo', 755.00, '2025-07-10 21:38:23'),
(8, 'ID1008', 'Ignaz Pyecroft', '1995-04-30', 2, 13400.00, 'Nemuro', 1620.00, '2024-12-09 04:46:43'),
(9, 'ID1009', 'Tye Dommersen', '1970-02-09', 7, 30000.00, 'Oster', 2200.00, '2025-02-26 16:02:25'),
(10, 'ID1010', 'Malory Keable', '1961-08-03', 3, 7800.00, 'Sohag', 745.00, '2025-07-17 21:45:22'),
(11, 'ID1011', 'Kaleena Daborne', '1982-06-15', 5, 19800.90, 'Songbo', 755.00, '2024-12-15 05:00:22'),
(12, 'ID1012', 'Bartlet Sphinxe', '1990-10-28', 4, 14500.00, 'Dingqing', 1620.00, '2025-04-03 19:18:53'),
(13, 'ID1013', 'Lorelei Towhey', '1973-04-04', 2, 10500.50, 'Linpu', 2200.00, '2024-04-18 09:55:21'),
(14, 'ID1014', 'Nedda McLugish', '1968-11-20', 6, 25600.00, 'Qingtang', 745.00, '2024-04-23 14:41:54'),
(15, 'ID1015', 'Alex Gunner', '1998-07-07', 3, 16000.00, 'Khorixas', 755.00, '2024-03-31 21:57:51'),
(16, 'ID1016', 'Lishe Bree', '1955-03-01', 7, 32000.50, 'Malinovskiy', 1620.00, '2025-12-20 21:02:13'),
(17, 'ID1017', 'Loralie Gouldthorp', '1980-12-24', 1, 7200.00, 'Kaolinovo', 2200.00, '2023-03-25 10:01:33'),
(18, 'ID1018', 'Perkin Lysaght', '1975-09-17', 5, 21500.00, 'Salzburg', 745.00, '2024-07-31 01:09:27'),
(19, 'ID1019', 'Foss Whiteside', '1993-01-29', 4, 12200.90, 'Berëzovskiy', 755.00, '2023-12-25 03:45:41'),
(20, 'ID1020', 'Sharia Bonett', '1960-10-10', 2, 9900.00, 'Kananga', 1620.00, '2024-05-29 13:03:10'),
(21, 'ID1021', 'Annmaria Roder', '1987-05-02', 3, 18700.50, 'Champigny-sur-Marne', 2200.00, '2025-12-05 22:08:53'),
(22, 'ID1022', 'Ethyl Genery', '1996-06-20', 6, 29000.00, 'Qingqu', 745.00, '2024-01-17 15:20:32'),
(23, 'ID1023', 'Cliff Cronkshaw', '1978-01-14', 1, 6500.00, 'Taoshan', 755.00, '2025-06-14 20:10:04'),
(24, 'ID1024', 'Elvera Husselbee', '1963-09-08', 5, 23500.50, 'Zhangting', 1620.00, '2024-03-28 05:06:43'),
(25, 'ID1025', 'Elena Petigrew', '1991-02-28', 4, 14800.00, 'Lueng Putu', 2200.00, '2024-06-21 11:36:54'),
(26, 'ID1026', 'Meaghan O\'Neill', '1957-11-27', 2, 8200.00, 'Tambakrejo', 745.00, '2024-11-01 06:40:44'),
(27, 'ID1027', 'Lindy Temporal', '1984-08-16', 7, 31000.75, 'Al Fujayrah', 755.00, '2023-08-28 22:21:49'),
(28, 'ID1028', 'Thornton Feron', '1972-03-22', 3, 15300.00, 'Mlowo', 1620.00, '2024-12-30 04:48:03'),
(29, 'ID1029', 'Lizbeth Bugby', '1999-12-19', 5, 20500.00, 'Cheremshan', 2200.00, '2025-01-03 09:56:43'),
(30, 'ID1030', 'Jeanine Hauxwell', '1964-07-26', 4, 11500.50, 'Tvøroyri', 745.00, '2025-03-10 01:45:08'),
(31, 'ID1031', 'Marlyn Dunk', '1981-01-05', 1, 7500.00, 'Xinxian', 755.00, '2025-07-11 15:47:16'),
(32, 'ID1032', 'Kissiah Dunabie', '1994-10-13', 6, 27800.00, 'Henglin', 1620.00, '2024-04-14 20:11:54'),
(33, 'ID1033', 'Cynde Mullen', '1977-04-19', 2, 9200.50, 'Balidian', 2200.00, '2024-10-03 01:40:55'),
(34, 'ID1034', 'Winston Wheway', '1962-12-08', 5, 24000.00, 'San Juan', 745.00, '2023-10-11 18:10:11'),
(35, 'ID1035', 'Anna Donisi', '1989-08-25', 3, 13800.00, 'Tanguiéta', 755.00, '2025-01-04 18:05:29'),
(36, 'ID1036', 'Yale Jaffa', '1956-02-11', 7, 33000.50, 'Bandeirantes', 1620.00, '2024-04-05 12:12:38'),
(37, 'ID1037', 'Dwight Duell', '1979-11-03', 4, 10800.00, 'Krasnovishersk', 2200.00, '2025-11-03 21:10:39'),
(38, 'ID1038', 'Monroe Bowry', '1966-06-29', 1, 6000.00, 'Awjilah', 745.00, '2023-09-13 04:28:45'),
(39, 'ID1039', 'Norri Carous', '1997-09-06', 6, 26500.00, 'Blois', 755.00, '2025-09-12 14:30:33'),
(40, 'ID1040', 'Fran Pockey', '1974-05-15', 2, 11800.90, 'Chantal', 1620.00, '2025-12-19 19:21:47'),
(41, 'ID1041', 'Bianca Ratlee', '1983-02-23', 5, 22500.50, 'Shuangxi', 2200.00, '2025-03-07 21:19:08'),
(42, 'ID1042', 'Huey Gras', '1991-07-01', 3, 14200.00, 'Strizhi', 745.00, '2025-10-07 14:47:30'),
(43, 'ID1043', 'Riane Pakeman', '1967-03-08', 7, 30500.00, 'Acli', 755.00, '2025-12-07 17:10:14'),
(44, 'ID1044', 'Deidre Limpricht', '1971-10-18', 4, 10200.50, 'Szynwałd', 1620.00, '2023-12-01 01:06:59'),
(45, 'ID1045', 'Michel Langstaff', '2001-04-02', 1, 5500.00, 'Mosopa', 2200.00, '2025-12-12 10:40:39'),
(46, 'ID1046', 'Maurie Flawith', '1959-09-21', 6, 25000.00, 'Khadan Khāk', 745.00, '2025-10-26 00:49:33'),
(47, 'ID1047', 'Creigh Donhardt', '1986-08-07', 2, 8500.90, 'Sunfang', 755.00, '2023-01-19 15:35:34'),
(48, 'ID1048', 'Mohandas Ramelet', '1975-12-11', 5, 20800.00, 'Bang Phlat', 1620.00, '2025-08-03 00:49:58'),
(49, 'ID1049', 'Sydelle Thornborrow', '1995-06-26', 3, 16500.50, 'Gaobu', 2200.00, '2023-09-30 19:29:23'),
(50, 'ID1050', 'Briny Obeney', '1960-01-30', 7, 31500.00, 'Cabeça Gorda', 745.00, '2025-12-06 02:48:46'),
(51, 'ID1051', 'Ulises Davidovitch', '1982-11-09', 4, 12800.00, 'Suleja', 755.00, '2023-12-17 22:02:11'),
(52, 'ID1052', 'Sergio Stearnes', '1993-05-04', 1, 6800.50, 'Yarīm', 1620.00, '2023-11-20 09:22:37'),
(53, 'ID1053', 'Dave Thorne', '1977-02-17', 6, 28000.00, 'Calatrava', 2200.00, '2025-03-13 03:50:13'),
(54, 'ID1054', 'Raul Guiduzzi', '1963-07-21', 2, 9800.00, 'Voskop', 745.00, '2023-10-20 12:30:35'),
(55, 'ID1055', 'Ann Brookesbie', '1990-03-29', 5, 24500.50, 'San Antonio', 755.00, '2024-06-01 11:09:10'),
(56, 'ID1056', 'Neron Anelay', '1957-10-06', 3, 17500.00, 'Tahara', 1620.00, '2024-09-19 03:18:54'),
(57, 'ID1057', 'Isidro Jeaffreson', '1984-12-14', 7, 34000.00, 'Berlin', 2200.00, '2024-11-29 10:36:48'),
(58, 'ID1058', 'Durant Speechley', '1972-09-25', 4, 10500.00, 'Kushikino', 745.00, '2025-11-21 03:49:16'),
(59, 'ID1059', 'Sunny Macilhench', '2000-05-09', 1, 5800.50, 'Birr', 755.00, '2024-09-17 01:04:48'),
(60, 'ID1060', 'Correna Soutar', '1965-01-08', 6, 27000.00, 'Kuala Lumpur', 1620.00, '2023-07-15 10:07:52'),
(61, 'ID1061', 'Shaina Muscat', '1981-10-02', 2, 11200.00, 'Katyr-Yurt', 2200.00, '2023-09-24 14:46:15'),
(62, 'ID1062', 'Mirna Evens', '1994-04-18', 5, 23000.50, 'Trzcinica', 745.00, '2023-01-16 21:27:59'),
(63, 'ID1063', 'Sheelagh Carbin', '1978-12-07', 3, 15800.00, 'Fukagawa', 755.00, '2023-04-14 10:55:26'),
(64, 'ID1064', 'Jerrine Trigwell', '1962-06-24', 7, 32500.00, 'Jacutinga', 1620.00, '2024-12-23 14:21:38'),
(65, 'ID1065', 'Frederic Floyde', '1989-02-05', 4, 13200.50, 'Zürich', 2200.00, '2025-01-14 06:32:10'),
(66, 'ID1066', 'Jamaal Treleven', '1956-11-16', 1, 7000.00, 'Pursat', 745.00, '2025-12-16 18:56:35'),
(67, 'ID1067', 'Cherilyn Lipmann', '1979-07-28', 6, 29500.00, 'Monte', 755.00, '2024-12-12 13:05:47'),
(68, 'ID1068', 'Rosy Linbohm', '1966-04-10', 2, 8800.90, 'Maganha', 1620.00, '2024-05-04 06:20:33'),
(69, 'ID1069', 'Paula Lambdin', '1997-10-23', 5, 21800.00, 'Preobrazheniye', 2200.00, '2024-12-09 02:38:26'),
(70, 'ID1070', 'Yanaton Volker', '1974-01-20', 3, 14000.50, 'Otyniya', 745.00, '2023-10-28 17:05:21'),
(71, 'ID1071', 'Celene Benbrick', '1983-09-01', 7, 33500.00, 'Ulsan', 755.00, '2024-03-15 12:55:48'),
(72, 'ID1072', 'Clint Overell', '1991-01-11', 4, 11800.00, 'Balagui', 1620.00, '2023-06-19 19:52:00'),
(73, 'ID1073', 'Clari Cristofalo', '1967-11-29', 1, 6200.50, 'Qingkenpao', 2200.00, '2024-01-06 21:06:03'),
(74, 'ID1074', 'Graeme Ronaldson', '1971-06-19', 6, 25800.00, 'Changliang', 745.00, '2023-02-19 06:06:56'),
(75, 'ID1075', 'Patsy Straffon', '2001-03-17', 2, 9500.00, 'Göteborg', 755.00, '2025-05-30 22:17:14'),
(76, 'ID1076', 'Sheba Aveline', '1959-12-30', 5, 20200.50, 'Xike', 1620.00, '2025-09-05 08:25:14'),
(77, 'ID1077', 'Jackie Gettone', '1986-07-05', 3, 16800.00, 'La Cruz', 2200.00, '2025-03-20 07:24:31'),
(78, 'ID1078', 'Kylen Mortimer', '1975-02-13', 7, 30800.00, 'Morez', 745.00, '2025-12-22 16:58:43'),
(79, 'ID1079', 'Curry Wimes', '1995-11-28', 4, 12000.50, 'Rembes', 755.00, '2023-09-03 15:55:02'),
(80, 'ID1080', 'Barbabra Steer', '1960-05-14', 1, 7300.00, 'Tawun', 1620.00, '2023-12-08 05:37:13'),
(81, 'ID1081', 'Frazier Wroe', '1982-04-21', 6, 26000.00, 'Limoeiro do Ajuru', 2200.00, '2025-09-16 11:31:47'),
(82, 'ID1082', 'Siouxie Wilmington', '1993-07-30', 2, 8400.90, 'Manturovo', 745.00, '2024-01-29 00:28:59'),
(83, 'ID1083', 'Kennith Pearlman', '1977-01-07', 5, 21200.00, 'Błaszki', 755.00, '2025-01-26 01:24:52'),
(84, 'ID1084', 'Terencio Andrzej', '1963-08-16', 3, 14500.50, 'Pajo', 1620.00, '2025-08-31 22:31:41'),
(85, 'ID1085', 'Zorina Medcalf', '1990-09-22', 7, 31200.00, 'Huangma', 2200.00, '2025-01-26 07:18:21'),
(86, 'ID1086', 'Cecile Back', '1957-04-26', 4, 13500.00, 'Monte Patria', 745.00, '2023-05-08 08:03:40'),
(87, 'ID1087', 'Mattheus Kollasch', '1984-01-18', 1, 6900.50, 'Manassas', 755.00, '2025-12-27 15:24:37'),
(88, 'ID1088', 'Lori Blabber', '1972-10-09', 6, 29800.00, 'Banzão', 1620.00, '2025-08-29 04:14:51'),
(89, 'ID1089', 'Tiffani Firminger', '1999-03-03', 2, 10800.00, 'Tongbang', 2200.00, '2025-09-01 14:00:44'),
(90, 'ID1090', 'Lucy Brunsden', '1964-12-12', 5, 25500.50, 'Bergen', 745.00, '2025-10-01 12:00:19'),
(91, 'ID1091', 'Monty Nealy', '1981-06-25', 3, 17000.00, 'Casselman', 755.00, '2024-04-01 05:59:26'),
(92, 'ID1092', 'Bee Jost', '1994-08-08', 7, 34500.00, 'Banjaranyar', 1620.00, '2024-12-28 05:46:23'),
(93, 'ID1093', 'Abeu Pavel', '1978-03-06', 4, 11000.00, 'Xuetian', 2200.00, '2025-08-17 07:46:35'),
(94, 'ID1094', 'Marina Bruinemann', '1962-09-17', 1, 5900.50, 'Kelapa', 745.00, '2024-12-21 23:47:36'),
(95, 'ID1095', 'Marwin Rowter', '1989-01-01', 6, 28800.00, 'Benjamin Constant', 755.00, '2024-12-06 22:05:07'),
(96, 'ID1096', 'Laureen Jeffray', '1956-06-03', 2, 9000.00, 'Cagwait', 1620.00, '2023-12-29 13:29:04'),
(97, 'ID1097', 'Craggie Copland', '1979-12-10', 5, 23800.50, 'Umuquena', 2200.00, '2024-06-12 09:26:07'),
(98, 'ID1098', 'Alaine Crossman', '1966-09-28', 3, 16200.00, 'Thessalon', 745.00, '2023-07-22 09:54:40'),
(99, 'ID1099', 'Smitty Hughson', '1997-02-15', 7, 33200.00, 'Jiaoshanhe', 755.00, '2023-07-12 07:23:47'),
(100, 'ID1100', 'Hally Copnell', '1974-08-20', 4, 12900.00, 'Abay', 1620.00, '2025-01-13 03:19:56');

-- The `assistancerecord` table logs every instance of aid given
INSERT INTO `assistancerecord` (`AssistanceID`, `BeneficiaryID`, `ProgramID`, `DistributionDate`, `AmountGiven`) VALUES
(1, 1, 1, '2024-09-25', 500.00),
(2, 2, 3, '2024-06-05', 150.00),
(3, 3, 6, '2025-11-17', 100.00),
(4, 4, 9, '2024-05-12', 250.00),
(5, 5, 1, '2024-01-17', 500.00),
(6, 6, 4, '2025-01-28', 150.00),
(7, 7, 7, '2025-05-18', 100.00),
(8, 8, 10, '2025-09-22', 250.00),
(9, 9, 2, '2024-08-16', 500.00),
(10, 10, 5, '2025-10-27', 150.00),
(11, 11, 8, '2025-06-02', 100.00),
(12, 12, 1, '2025-08-20', 250.00),
(13, 13, 3, '2024-01-18', 500.00),
(14, 14, 6, '2025-02-18', 150.00),
(15, 15, 9, '2025-08-29', 100.00),
(16, 16, 2, '2025-01-11', 250.00),
(17, 17, 4, '2024-03-01', 500.00),
(18, 18, 7, '2025-08-11', 150.00),
(19, 19, 10, '2025-10-03', 100.00),
(20, 20, 1, '2024-01-29', 250.00),
(21, 21, 3, '2024-12-04', 500.00),
(22, 22, 6, '2024-07-10', 150.00),
(23, 23, 9, '2025-10-11', 100.00),
(24, 24, 2, '2025-07-06', 250.00),
(25, 25, 5, '2024-04-15', 500.00),
(26, 26, 8, '2024-10-13', 150.00),
(27, 27, 1, '2025-02-10', 100.00),
(28, 28, 4, '2025-04-10', 250.00),
(29, 29, 7, '2025-02-03', 500.00),
(30, 30, 10, '2025-08-27', 150.00),
(31, 31, 2, '2025-02-12', 100.00),
(32, 32, 5, '2024-08-17', 250.00),
(33, 33, 8, '2025-09-19', 500.00),
(34, 34, 1, '2024-11-23', 150.00),
(35, 35, 3, '2025-04-08', 100.00),
(36, 36, 6, '2025-09-18', 250.00),
(37, 37, 9, '2024-11-26', 500.00),
(38, 38, 2, '2025-04-24', 150.00),
(39, 39, 5, '2025-11-29', 100.00),
(40, 40, 8, '2025-10-03', 250.00),
(41, 41, 1, '2025-02-08', 500.00),
(42, 42, 4, '2024-04-06', 150.00),
(43, 43, 7, '2025-11-15', 100.00),
(44, 44, 10, '2024-11-01', 250.00),
(45, 45, 3, '2024-06-28', 500.00),
(46, 46, 6, '2025-11-18', 150.00),
(47, 47, 9, '2024-03-12', 100.00),
(48, 48, 2, '2025-02-21', 250.00),
(49, 49, 5, '2025-04-03', 500.00),
(50, 50, 8, '2024-11-30', 150.00),
(51, 51, 1, '2024-10-23', 100.00),
(52, 52, 4, '2025-04-21', 250.00),
(53, 53, 7, '2024-03-22', 500.00),
(54, 54, 10, '2025-01-26', 150.00),
(55, 55, 3, '2024-10-27', 100.00),
(56, 56, 6, '2024-11-23', 250.00),
(57, 57, 9, '2024-01-28', 500.00),
(58, 58, 2, '2025-07-23', 150.00),
(59, 59, 5, '2025-10-05', 100.00),
(60, 60, 8, '2024-04-06', 250.00),
(61, 61, 1, '2025-11-04', 500.00),
(62, 62, 4, '2024-09-07', 150.00),
(63, 63, 7, '2025-10-08', 100.00),
(64, 64, 10, '2024-12-25', 250.00),
(65, 65, 3, '2025-07-18', 500.00),
(66, 66, 6, '2024-11-24', 150.00),
(67, 67, 9, '2025-10-21', 100.00),
(68, 68, 2, '2024-07-06', 250.00),
(69, 69, 5, '2025-01-10', 500.00),
(70, 70, 8, '2025-08-28', 150.00),
(71, 71, 1, '2025-05-01', 100.00),
(72, 72, 4, '2025-09-09', 250.00),
(73, 73, 7, '2024-07-31', 500.00),
(74, 74, 10, '2025-09-18', 150.00),
(75, 75, 3, '2025-01-07', 100.00),
(76, 76, 6, '2025-11-19', 250.00),
(77, 77, 9, '2024-07-23', 500.00),
(78, 78, 2, '2025-01-06', 150.00),
(79, 79, 5, '2025-06-20', 100.00),
(80, 80, 8, '2024-06-01', 250.00),
(81, 81, 1, '2025-07-23', 500.00),
(82, 82, 4, '2024-09-23', 150.00),
(83, 83, 7, '2024-11-26', 100.00),
(84, 84, 10, '2024-05-27', 250.00),
(85, 85, 3, '2025-03-27', 500.00),
(86, 86, 6, '2025-02-05', 150.00),
(87, 87, 9, '2025-10-17', 100.00),
(88, 88, 2, '2025-10-19', 250.00),
(89, 89, 5, '2025-09-03', 500.00),
(90, 90, 8, '2025-01-16', 150.00),
(91, 91, 1, '2024-03-12', 100.00),
(92, 92, 4, '2025-09-17', 250.00),
(93, 93, 7, '2024-03-25', 500.00),
(94, 94, 10, '2025-10-29', 150.00),
(95, 95, 3, '2024-09-12', 100.00),
(96, 96, 6, '2025-11-20', 250.00),
(97, 97, 9, '2025-07-12', 500.00),
(98, 98, 2, '2024-01-20', 150.00),
(99, 99, 5, '2025-06-24', 100.00),
(100, 100, 8, '2025-06-08', 250.00),
(101, 1, 2, '2024-10-21', 300.00),
(102, 2, 4, '2025-08-27', 125.00),
(103, 3, 7, '2024-01-21', 175.00),
(104, 4, 10, '2025-02-11', 400.00),
(105, 5, 2, '2025-07-15', 300.00),
(106, 6, 5, '2024-06-22', 125.00),
(107, 7, 8, '2025-08-20', 175.00),
(108, 8, 1, '2024-12-09', 400.00),
(109, 9, 3, '2025-09-23', 300.00),
(110, 10, 6, '2024-01-06', 125.00),
(111, 11, 9, '2024-09-12', 175.00),
(112, 12, 2, '2025-07-05', 400.00),
(113, 13, 4, '2025-08-03', 300.00),
(114, 14, 7, '2025-06-24', 125.00),
(115, 15, 10, '2024-09-09', 175.00),
(116, 16, 1, '2024-12-13', 400.00),
(117, 17, 3, '2024-09-29', 300.00),
(118, 18, 6, '2024-11-16', 125.00),
(119, 19, 9, '2024-03-19', 175.00),
(120, 20, 2, '2024-05-16', 400.00),
(121, 21, 5, '2025-03-24', 300.00),
(122, 22, 8, '2025-02-24', 125.00),
(123, 23, 1, '2024-02-19', 175.00),
(124, 24, 4, '2025-02-04', 400.00),
(125, 25, 7, '2025-03-15', 300.00),
(126, 26, 10, '2024-10-15', 125.00),
(127, 27, 2, '2024-05-03', 175.00),
(128, 28, 5, '2025-04-06', 400.00),
(129, 29, 8, '2025-06-03', 300.00),
(130, 30, 1, '2025-05-23', 125.00),
(131, 31, 3, '2024-10-02', 175.00),
(132, 32, 6, '2025-07-13', 400.00),
(133, 33, 9, '2025-07-11', 300.00),
(134, 34, 2, '2025-02-05', 125.00),
(135, 35, 5, '2024-11-29', 175.00),
(136, 36, 8, '2025-04-07', 400.00),
(137, 37, 1, '2025-08-30', 300.00),
(138, 38, 4, '2024-08-24', 125.00),
(139, 39, 7, '2024-03-06', 175.00),
(140, 40, 10, '2024-11-21', 400.00),
(141, 41, 3, '2024-01-18', 300.00),
(142, 42, 6, '2025-06-08', 125.00),
(143, 43, 9, '2025-03-25', 175.00),
(144, 44, 2, '2025-11-03', 400.00),
(145, 45, 5, '2025-08-22', 300.00),
(146, 46, 8, '2024-09-29', 125.00),
(147, 47, 1, '2024-09-28', 175.00),
(148, 48, 4, '2025-06-24', 400.00),
(149, 49, 7, '2025-04-19', 300.00),
(150, 50, 10, '2024-02-13', 125.00),
(151, 51, 2, '2024-07-26', 175.00),
(152, 52, 5, '2024-07-17', 400.00),
(153, 53, 8, '2025-01-05', 300.00),
(154, 54, 1, '2025-07-04', 125.00),
(155, 55, 3, '2024-08-13', 175.00),
(156, 56, 6, '2024-07-01', 400.00),
(157, 57, 9, '2024-08-26', 300.00),
(158, 58, 2, '2025-10-03', 125.00),
(159, 59, 5, '2025-01-09', 175.00),
(160, 60, 8, '2025-10-16', 400.00),
(161, 61, 1, '2024-01-26', 300.00),
(162, 62, 4, '2024-10-15', 125.00),
(163, 63, 7, '2025-10-18', 175.00),
(164, 64, 10, '2024-10-24', 400.00),
(165, 65, 3, '2024-08-11', 300.00),
(166, 66, 6, '2024-08-14', 125.00),
(167, 67, 9, '2025-04-08', 175.00),
(168, 68, 2, '2024-08-09', 400.00),
(169, 69, 5, '2025-03-02', 300.00),
(170, 70, 8, '2024-02-22', 125.00),
(171, 71, 1, '2025-02-02', 175.00),
(172, 72, 4, '2025-02-24', 400.00),
(173, 73, 7, '2024-07-16', 300.00),
(174, 74, 10, '2025-03-10', 125.00),
(175, 75, 3, '2024-06-16', 175.00),
(176, 76, 6, '2024-08-29', 400.00),
(177, 77, 9, '2025-12-03', 300.00),
(178, 78, 2, '2025-10-30', 125.00),
(179, 79, 5, '2025-06-13', 175.00),
(180, 80, 8, '2025-10-02', 400.00),
(181, 81, 1, '2024-07-18', 300.00),
(182, 82, 4, '2025-05-05', 125.00),
(183, 83, 7, '2025-03-15', 175.00),
(184, 84, 10, '2024-01-21', 400.00),
(185, 85, 3, '2024-07-14', 300.00),
(186, 86, 6, '2024-07-29', 125.00),
(187, 87, 9, '2025-04-09', 175.00),
(188, 88, 2, '2024-10-04', 400.00),
(189, 89, 5, '2025-12-03', 300.00),
(190, 90, 8, '2025-07-12', 125.00),
(191, 91, 1, '2025-11-15', 175.00),
(192, 92, 4, '2024-11-29', 400.00),
(193, 93, 7, '2024-11-18', 300.00),
(194, 94, 10, '2025-09-03', 125.00),
(195, 95, 3, '2025-11-04', 175.00),
(196, 96, 6, '2024-04-30', 400.00),
(197, 97, 9, '2025-12-04', 300.00),
(198, 98, 2, '2024-11-25', 125.00),
(199, 99, 5, '2024-08-28', 175.00),
(200, 100, 8, '2024-08-05', 400.00),
(201, 1, 3, '2024-12-30', 450.00),
(202, 2, 6, '2025-04-08', 200.00),
(203, 3, 9, '2025-05-31', 150.00),
(204, 4, 2, '2025-05-01', 350.00),
(205, 5, 4, '2024-06-25', 450.00),
(206, 6, 7, '2024-05-09', 200.00),
(207, 7, 10, '2024-04-27', 150.00),
(208, 8, 1, '2024-07-18', 350.00),
(209, 9, 3, '2025-10-05', 450.00),
(210, 10, 6, '2025-05-11', 200.00),
(211, 11, 9, '2025-07-09', 150.00),
(212, 12, 2, '2025-08-01', 350.00),
(213, 13, 4, '2025-06-03', 450.00),
(214, 14, 7, '2024-06-02', 200.00),
(215, 15, 10, '2025-09-18', 150.00),
(216, 16, 1, '2025-07-02', 350.00),
(217, 17, 3, '2024-06-06', 450.00),
(218, 18, 6, '2025-07-08', 200.00),
(219, 19, 9, '2024-06-30', 150.00),
(220, 20, 2, '2025-10-18', 350.00),
(221, 21, 5, '2025-09-09', 450.00),
(222, 22, 8, '2025-02-15', 200.00),
(223, 23, 1, '2024-07-22', 150.00),
(224, 24, 4, '2025-05-07', 350.00),
(225, 25, 7, '2025-03-11', 450.00),
(226, 26, 10, '2025-11-30', 200.00),
(227, 27, 2, '2024-03-11', 150.00),
(228, 28, 5, '2025-01-10', 350.00),
(229, 29, 8, '2024-09-08', 450.00),
(230, 30, 1, '2024-05-10', 200.00),
(231, 31, 3, '2025-08-28', 150.00),
(232, 32, 6, '2025-05-28', 350.00),
(233, 33, 9, '2024-02-16', 450.00),
(234, 34, 2, '2024-04-14', 200.00),
(235, 35, 5, '2025-01-17', 150.00),
(236, 36, 8, '2024-07-06', 350.00),
(237, 37, 1, '2025-05-08', 450.00),
(238, 38, 4, '2025-05-08', 200.00),
(239, 39, 7, '2024-10-05', 150.00),
(240, 40, 10, '2025-09-09', 350.00),
(241, 41, 3, '2024-05-14', 450.00),
(242, 42, 6, '2024-08-20', 200.00),
(243, 43, 9, '2024-02-21', 150.00),
(244, 44, 2, '2024-09-23', 350.00),
(245, 45, 5, '2025-04-16', 450.00),
(246, 46, 8, '2024-05-24', 200.00),
(247, 47, 1, '2024-01-16', 150.00),
(248, 48, 4, '2024-12-16', 350.00),
(249, 49, 7, '2024-10-18', 450.00),
(250, 50, 10, '2025-02-10', 200.00),
(251, 51, 2, '2025-03-28', 150.00),
(252, 52, 5, '2024-12-02', 350.00),
(253, 53, 8, '2024-11-18', 450.00),
(254, 54, 1, '2025-08-25', 200.00),
(255, 55, 3, '2025-09-26', 150.00),
(256, 56, 6, '2025-10-16', 350.00),
(257, 57, 9, '2025-10-24', 450.00),
(258, 58, 2, '2025-10-02', 200.00),
(259, 59, 5, '2025-05-26', 150.00),
(260, 60, 8, '2025-09-24', 350.00),
(261, 61, 1, '2024-08-03', 450.00),
(262, 62, 4, '2025-08-14', 200.00),
(263, 63, 7, '2024-07-12', 150.00),
(264, 64, 10, '2025-08-28', 350.00),
(265, 65, 3, '2024-11-22', 450.00),
(266, 66, 6, '2025-06-05', 200.00),
(267, 67, 9, '2024-08-02', 150.00),
(268, 68, 2, '2024-08-01', 350.00),
(269, 69, 5, '2025-02-28', 450.00),
(270, 70, 8, '2024-03-08', 200.00),
(271, 71, 1, '2025-04-25', 150.00),
(272, 72, 4, '2024-03-18', 350.00),
(273, 73, 7, '2024-12-26', 450.00),
(274, 74, 10, '2024-06-03', 200.00),
(275, 75, 3, '2025-02-02', 150.00),
(276, 76, 6, '2024-04-24', 350.00),
(277, 77, 9, '2024-03-23', 450.00),
(278, 78, 2, '2024-03-12', 200.00),
(279, 79, 5, '2024-04-20', 150.00),
(280, 80, 8, '2024-12-03', 350.00),
(281, 81, 1, '2025-10-11', 450.00),
(282, 82, 4, '2024-04-24', 200.00),
(283, 83, 7, '2024-02-08', 150.00),
(284, 84, 10, '2025-07-09', 350.00),
(285, 85, 3, '2025-06-25', 450.00),
(286, 86, 6, '2024-11-28', 200.00),
(287, 87, 9, '2024-02-08', 150.00),
(288, 88, 2, '2025-08-30', 350.00),
(289, 89, 5, '2024-04-06', 450.00),
(290, 90, 8, '2024-03-14', 200.00),
(291, 91, 1, '2024-03-17', 150.00),
(292, 92, 4, '2024-06-10', 350.00),
(293, 93, 7, '2025-08-02', 450.00),
(294, 94, 10, '2024-10-18', 200.00),
(295, 95, 3, '2025-03-03', 150.00),
(296, 96, 6, '2025-07-10', 350.00),
(297, 97, 9, '2024-03-26', 450.00),
(298, 98, 2, '2024-06-20', 200.00),
(299, 99, 5, '2025-08-24', 150.00),
(300, 100, 8, '2025-01-08', 350.00),
(301, 1, 4, '2024-03-01', 600.00),
(302, 2, 7, '2025-08-21', 170.00),
(303, 3, 10, '2025-11-21', 280.00),
(304, 4, 3, '2024-08-29', 420.00),
(305, 5, 6, '2025-07-02', 600.00),
(306, 6, 9, '2025-08-29', 170.00),
(307, 7, 2, '2025-11-08', 280.00),
(308, 8, 5, '2024-06-05', 420.00),
(309, 9, 8, '2024-06-09', 600.00),
(310, 10, 1, '2024-12-02', 170.00),
(311, 11, 4, '2025-05-07', 280.00),
(312, 12, 7, '2024-02-09', 420.00),
(313, 13, 10, '2024-05-13', 600.00),
(314, 14, 3, '2025-07-03', 170.00),
(315, 15, 6, '2024-08-12', 280.00),
(316, 16, 9, '2024-06-28', 420.00),
(317, 17, 2, '2024-08-15', 600.00),
(318, 18, 5, '2025-08-19', 170.00),
(319, 19, 8, '2024-06-29', 280.00),
(320, 20, 1, '2025-06-12', 420.00),
(321, 21, 4, '2025-11-15', 600.00),
(322, 22, 7, '2025-02-25', 170.00),
(323, 23, 10, '2024-02-26', 280.00),
(324, 24, 3, '2025-03-08', 420.00),
(325, 25, 6, '2025-08-03', 600.00),
(326, 26, 9, '2024-07-06', 170.00),
(327, 27, 2, '2025-09-03', 280.00),
(328, 28, 5, '2025-01-07', 420.00),
(329, 29, 8, '2024-01-30', 600.00),
(330, 30, 1, '2025-03-19', 170.00),
(331, 31, 4, '2024-01-08', 280.00),
(332, 32, 7, '2024-05-02', 420.00),
(333, 33, 10, '2025-08-12', 600.00),
(334, 34, 3, '2025-04-05', 170.00),
(335, 35, 6, '2025-06-14', 280.00),
(336, 36, 9, '2025-07-21', 420.00),
(337, 37, 2, '2025-06-22', 600.00),
(338, 38, 5, '2024-10-08', 170.00),
(339, 39, 8, '2025-05-13', 280.00),
(340, 40, 1, '2024-08-24', 420.00),
(341, 41, 4, '2025-01-27', 600.00),
(342, 42, 7, '2025-07-01', 170.00),
(343, 43, 10, '2024-05-23', 280.00),
(344, 44, 3, '2025-05-05', 420.00),
(345, 45, 6, '2025-09-01', 600.00),
(346, 46, 9, '2024-06-10', 170.00),
(347, 47, 2, '2025-01-28', 280.00),
(348, 48, 5, '2024-03-09', 420.00),
(349, 49, 8, '2025-07-28', 600.00),
(350, 50, 1, '2025-07-01', 170.00),
(351, 51, 4, '2024-11-03', 280.00),
(352, 52, 7, '2025-08-22', 420.00),
(353, 53, 10, '2025-10-26', 600.00),
(354, 54, 3, '2024-04-16', 170.00),
(355, 55, 6, '2025-10-23', 280.00),
(356, 56, 9, '2024-06-07', 420.00),
(357, 57, 2, '2024-08-10', 600.00),
(358, 58, 5, '2025-09-29', 170.00),
(359, 59, 8, '2025-02-02', 280.00),
(360, 60, 1, '2024-03-22', 420.00),
(361, 61, 4, '2025-09-19', 600.00),
(362, 62, 7, '2024-03-02', 170.00),
(363, 63, 10, '2025-07-01', 280.00),
(364, 64, 3, '2025-03-07', 420.00),
(365, 65, 6, '2025-05-31', 600.00),
(366, 66, 9, '2025-08-02', 170.00),
(367, 67, 2, '2025-10-03', 280.00),
(368, 68, 5, '2024-02-23', 420.00),
(369, 69, 8, '2025-04-09', 600.00),
(370, 70, 1, '2024-02-10', 170.00),
(371, 71, 4, '2024-08-13', 280.00),
(372, 72, 7, '2024-10-23', 420.00),
(373, 73, 10, '2024-04-10', 600.00),
(374, 74, 3, '2024-11-13', 170.00),
(375, 75, 6, '2025-08-04', 280.00),
(376, 76, 9, '2025-06-26', 420.00),
(377, 77, 2, '2024-09-14', 600.00),
(378, 78, 5, '2025-01-05', 170.00),
(379, 79, 8, '2025-01-06', 280.00),
(380, 80, 1, '2024-02-07', 420.00),
(381, 81, 4, '2025-05-04', 600.00),
(382, 82, 7, '2024-07-31', 170.00),
(383, 83, 10, '2024-10-26', 280.00),
(384, 84, 3, '2024-06-04', 420.00),
(385, 85, 6, '2025-08-06', 600.00),
(386, 86, 9, '2024-11-26', 170.00),
(387, 87, 2, '2025-09-03', 280.00),
(388, 88, 5, '2025-10-12', 420.00),
(389, 89, 8, '2024-01-05', 600.00),
(390, 90, 1, '2024-07-09', 170.00),
(391, 91, 4, '2024-08-22', 280.00),
(392, 92, 7, '2025-08-22', 420.00),
(393, 93, 10, '2024-06-22', 600.00),
(394, 94, 3, '2025-04-29', 170.00),
(395, 95, 6, '2025-05-02', 280.00),
(396, 96, 9, '2024-10-04', 420.00),
(397, 97, 2, '2025-09-24', 600.00),
(398, 98, 5, '2024-07-28', 170.00),
(399, 99, 8, '2025-07-16', 280.00),
(400, 100, 1, '2024-03-04', 420.00),
(401, 1, 5, '2024-02-11', 350.00),
(402, 2, 8, '2024-01-21', 100.00),
(403, 3, 1, '2025-11-16', 50.00),
(404, 4, 4, '2025-06-19', 200.00),
(405, 5, 7, '2025-09-13', 350.00),
(406, 6, 10, '2024-03-28', 100.00),
(407, 7, 3, '2025-11-25', 50.00),
(408, 8, 6, '2025-01-18', 200.00),
(409, 9, 9, '2025-06-22', 350.00),
(410, 10, 2, '2024-05-07', 100.00),
(411, 11, 5, '2025-03-13', 50.00),
(412, 12, 8, '2025-01-24', 200.00),
(413, 13, 1, '2025-09-27', 350.00),
(414, 14, 4, '2025-08-17', 100.00),
(415, 15, 7, '2024-12-27', 50.00),
(416, 16, 10, '2024-01-23', 200.00),
(417, 17, 3, '2025-03-16', 350.00),
(418, 18, 6, '2024-01-16', 100.00),
(419, 19, 9, '2024-06-16', 50.00),
(420, 20, 2, '2024-03-28', 200.00),
(421, 21, 5, '2025-10-02', 350.00),
(422, 22, 8, '2024-04-22', 100.00),
(423, 23, 1, '2024-02-26', 50.00),
(424, 24, 4, '2025-10-13', 200.00),
(425, 25, 7, '2024-09-16', 350.00),
(426, 26, 10, '2024-02-19', 100.00),
(427, 27, 3, '2024-06-23', 50.00),
(428, 28, 6, '2024-01-18', 200.00),
(429, 29, 9, '2024-09-30', 350.00),
(430, 30, 2, '2025-08-28', 100.00),
(431, 31, 5, '2024-03-28', 50.00),
(432, 32, 8, '2024-02-05', 200.00),
(433, 33, 1, '2025-09-11', 350.00),
(434, 34, 4, '2024-06-12', 100.00),
(435, 35, 7, '2025-01-08', 50.00),
(436, 36, 10, '2025-11-01', 200.00),
(437, 37, 3, '2024-04-22', 350.00),
(438, 38, 6, '2025-11-01', 100.00),
(439, 39, 9, '2024-07-07', 50.00),
(440, 40, 2, '2024-12-10', 200.00),
(441, 41, 5, '2025-03-27', 350.00),
(442, 42, 8, '2025-05-30', 100.00),
(443, 43, 1, '2025-05-30', 50.00),
(444, 44, 4, '2024-11-18', 200.00),
(445, 45, 7, '2024-03-09', 350.00),
(446, 46, 10, '2024-03-23', 100.00),
(447, 47, 3, '2024-07-25', 50.00),
(448, 48, 6, '2024-03-16', 200.00),
(449, 49, 9, '2025-04-12', 350.00),
(450, 50, 2, '2025-11-26', 100.00),
(451, 51, 5, '2025-10-22', 50.00),
(452, 52, 8, '2025-05-25', 200.00),
(453, 53, 1, '2025-07-25', 350.00),
(454, 54, 4, '2025-09-12', 100.00),
(455, 55, 7, '2025-11-09', 50.00),
(456, 56, 10, '2024-04-26', 200.00),
(457, 57, 3, '2025-10-29', 350.00),
(458, 58, 6, '2024-06-10', 100.00),
(459, 59, 9, '2024-08-08', 50.00),
(460, 60, 2, '2025-09-06', 200.00),
(461, 61, 5, '2024-10-19', 350.00),
(462, 62, 8, '2024-11-19', 100.00),
(463, 63, 1, '2024-02-05', 50.00),
(464, 64, 4, '2025-09-14', 200.00),
(465, 65, 7, '2024-06-23', 350.00),
(466, 66, 10, '2025-02-23', 100.00),
(467, 67, 3, '2024-06-07', 50.00),
(468, 68, 6, '2024-08-30', 200.00),
(469, 69, 9, '2024-01-30', 350.00),
(470, 70, 2, '2024-05-08', 100.00),
(471, 71, 5, '2025-07-06', 50.00),
(472, 72, 8, '2024-09-14', 200.00),
(473, 73, 1, '2024-12-03', 350.00),
(474, 74, 4, '2024-07-27', 100.00),
(475, 75, 7, '2024-01-30', 50.00),
(476, 76, 10, '2024-08-17', 200.00),
(477, 77, 3, '2024-12-16', 350.00),
(478, 78, 6, '2024-12-24', 100.00),
(479, 79, 9, '2024-02-04', 50.00),
(480, 80, 2, '2025-05-25', 200.00),
(481, 81, 5, '2024-11-23', 350.00),
(482, 82, 8, '2024-04-16', 100.00),
(483, 83, 1, '2024-09-11', 50.00),
(484, 84, 4, '2024-09-05', 200.00),
(485, 85, 7, '2025-04-24', 350.00),
(486, 86, 10, '2024-08-25', 100.00),
(487, 87, 3, '2025-04-01', 50.00),
(488, 88, 6, '2024-06-05', 200.00),
(489, 89, 9, '2024-04-29', 350.00),
(490, 90, 2, '2024-05-07', 100.00),
(491, 91, 5, '2024-10-05', 50.00),
(492, 92, 8, '2024-10-28', 200.00),
(493, 93, 1, '2025-11-04', 350.00),
(494, 94, 4, '2024-12-06', 100.00),
(495, 95, 7, '2025-01-26', 50.00),
(496, 96, 10, '2024-08-14', 200.00),
(497, 97, 3, '2025-10-28', 350.00),
(498, 98, 6, '2025-06-15', 100.00),
(499, 99, 9, '2025-10-18', 50.00),
(500, 100, 2, '2024-10-04', 200.00);

